id,mapel_kode,fase_kode,cabang_kode,agama_kode,teks_capaian,dokumen_kode,halaman_lampiran
CP-PP-A,PP,A,,,"Pada akhir Fase A, murid memiliki kemampuan sebagai Pancasila: Mengenal bendera negara, lagu kebangsaan, simbol dan sila-sila Pancasila dalam lambang negara Garuda Pancasila dan simbol Pancasila beserta sila-sila Pancasila; menerapkan nilai-nilai Pancasila di lingkungan keluarga. Undang-Undang Dasar Negara Republik Indonesia Tahun 1945: Mengenal aturan di lingkungan keluarga; menunjukkan dan menceritakan sikap mematuhi aturan di lingkungan keluarga. Bhinneka Tunggal Ika: Mengenal semboyan Bhinneka Tunggal Ika; mengidentifikasi dan menghargai identitas dirinya sesuai dengan jenis kelamin, hobi, bahasa, serta agama dan kepercayaan di lingkungan sekitar. Negara Kesatuan Republik Indonesia: Mengenal karakteristik lingkungan tempat tinggal dan sekolah, sebagai bagian dari wilayah Negara Kesatuan Republik Indonesia; menceritakan dan mempraktikkan bekerja sama menjaga lingkungan sekitar dalam keberagaman.",046/H/KR/2025,82
CP-PP-B,PP,B,,,"Pada akhir Fase B, murid memiliki kemampuan sebagai Pancasila: Mengidentifikasi makna sila-sila Pancasila, dan penerapannya dalam kehidupan sehari-hari; mengenal karakter para perumus Pancasila; menunjukkan sikap bangga menjadi anak Indonesia yang memiliki bahasa Indonesia sebagai bahasa persatuan di lingkungan sekitar. Undang-Undang Dasar Negara Republik Indonesia Tahun 1945: Mengidentifikasi dan melaksanakan aturan di sekolah dan lingkungan tempat tinggal; mengidentifikasi dan menerapkan hak yang didapat dan kewajiban sebagai anggota keluarga dan sebagai warga sekolah. Bhinneka Tunggal Ika: Membedakan dan menghargai identitas, keluarga, dan teman-temannya sesuai budaya, suku bangsa, bahasa, agama dan kepercayaannya di lingkungan sekitar. Negara Kesatuan Republik Indonesia: Mengidentifikasi lingkungan tempat tinggal (RT, RW, desa atau kelurahan, dan kecamatan) sebagai bagian dari wilayah Negara Kesatuan Republik Indonesia; menunjukkan perilaku bekerja sama dalam berbagai bentuk keberagaman suku bangsa, sosial, dan budaya di Indonesia yang terikat persatuan dan kesatuan di lingkungan sekitar.",046/H/KR/2025,83
CP-PP-C,PP,C,,,"Pada akhir Fase C, murid memiliki kemampuan sebagai Pancasila: Memahami kronologi sejarah kelahiran Pancasila; meneladani sikap para perumus Pancasila dan menerapkan di lingkungan masyarakat; menghubungkan sila-sila dalam Pancasila sebagai suatu kesatuan yang utuh; menguraikan makna nilai-nilai Pancasila sebagai dasar negara, dan pandangan hidup bangsa. Undang-Undang Dasar Negara Republik Indonesia Tahun 1945: Mengimplementasikan bentuk-bentuk norma, hak, dan kewajiban dalam kedudukannya sebagai warga negara; mengenal Pembukaan Undang-Undang Dasar Negara Republik Indonesia tahun 1945; mempraktikkan musyawarah untuk membuat kesepakatan dan aturan bersama, serta menerapkannya dalam lingkungan keluarga dan sekolah. Bhinneka Tunggal Ika: Menyajikan hasil identifikasi sikap menghormati, menjaga, dan melestarikan keberagaman budaya sesuai semboyan dalam bingkai Bhinneka Tunggal Ika di lingkungan sekitar. Negara Kesatuan Republik Indonesia: Mengenal wilayahnya dalam konteks kabupaten/kota, dan provinsi sebagai bagian dari wilayah Negara Kesatuan Republik Indonesia; menunjukkan perilaku gotong royong untuk menjaga persatuan di lingkungan sekolah dan sekitar sebagai wujud bela negara.",046/H/KR/2025,84
CP-BI-A,BI,A,,,"Pada akhir Fase A, murid memiliki kemampuan sebagai Menyimak: Memahami informasi dari teks nonsastra berbentuk teks aural (teks yang dibacakan dan/atau didengarkan) berupa percakapan yang berkaitan dengan diri, keluarga, dan/atau lingkungan sekitar; dan memahami pesan teks sastra berbentuk teks aural. Membaca dan Memirsa: Membaca kata-kata sederhana dengan fasih dari bacaan dan/atau tayangan yang dipirsa tentang diri, keluarga, kesehatan, dan/atau lingkungan sekitar; dan memahami isi bacaan dan/atau tayangan yang dipirsa tentang diri, keluarga, kesehatan, dan/atau lingkungan sekitar. Berbicara dan Mempresentasikan: Merespons dengan bertanya tentang sesuatu, menjawab, dan menanggapi komentar orang lain (teman, pendidik, dan/atau orang dewasa) dengan baik dan santun dalam suatu percakapan tentang diri, keluarga, kesehatan, dan/atau lingkungan sekitar; mengungkapkan perasaan dan gagasan secara lisan dengan atau tanpa bantuan gambar; dan menceritakan kembali isi berbagai tipe teks yang dibaca, dipirsa, atau didengar tentang diri, keluarga, kesehatan, dan/atau lingkungan sekitar. Menulis: Menulis permulaan dengan benar di atas kertas dan/atau melalui media digital; mengembangkan tulisan tangan yang semakin baik; dan menulis berbagai tipe teks sederhana tentang diri, keluarga, dan/atau lingkungan sekitar dengan beberapa kalimat sederhana.",046/H/KR/2025,94
CP-BI-B,BI,B,,,"Pada akhir Fase B, murid memiliki kemampuan sebagai Menyimak: Memahami ide pokok suatu informasi dari teks nonsastra berbentuk teks aural (teks yang dibacakan dan/atau didengarkan); dan memahami isi teks sastra berbentuk teks aural. Membaca dan Memirsa: Membaca kata-kata baru dengan fasih dari bacaan dan/atau tayangan yang dipirsa; dan memahami ide pokok, ide pendukung, pesan, dan informasi dalam teks sastra dan nonsastra berbentuk cetak dan/atau elektronik. Berbicara dan Mempresentasikan: Menyajikan pendapat dengan pilihan kata dan sikap tubuh/gestur yang sesuai, menggunakan volume dan intonasi yang tepat sesuai konteks; menanggapi diskusi sesuai tata cara; dan menceritakan kembali isi dan/atau informasi dari berbagai tipe teks yang dibaca, dipirsa, atau didengar. Menulis: Menulis berbagai tipe teks sederhana dengan rangkaian kalimat yang beragam; dan menggunakan kaidah kebahasaan dan kosakata baru yang memiliki makna denotatif untuk menulis teks sesuai dengan konteks.",046/H/KR/2025,95
CP-BI-C,BI,C,,,"Pada akhir Fase C, murid memiliki kemampuan sebagai Menyimak: Menganalisis informasi dari teks nonsastra berbentuk teks aural (teks yang dibacakan dan/atau didengarkan; dan menganalisis isi teks sastra berbentuk teks aural. Membaca dan Memirsa: Membaca kata-kata dengan berbagai pola kombinasi huruf dengan fasih dari bacaan dan/atau tayangan yang dipirsa; dan menganalisis informasi serta nilai-nilai dalam teks sastra dan nonsastra berwujud teks visual dan/atau audiovisual. Berbicara dan Mempresentasikan: Mempresentasikan gagasan dari berbagai tipe teks dengan efektif dan santun; dan menyampaikan perasaan berdasarkan fakta, imajinasi (dari diri sendiri dan orang lain) secara indah dan menarik dalam bentuk teks sastra dengan penggunaan kosakata secara kreatif. Menulis: Menulis berbagai tipe teks sederhana berdasarkan gagasan, hasil pengamatan, pengalaman, dan/atau imajinasi dengan rangkaian kalimat kompleks secara kreatif, menarik, dan/atau indah; dan menggunakan kaidah kebahasaan dan kosakata baru yang memiliki makna denotatif dan konotatif.",046/H/KR/2025,95
CP-MAT-A,MAT,A,,,"Pada akhir Fase A, murid memiliki kemampuan sebagai Bilangan: Menunjukkan pemahaman dan memiliki intuisi bilangan (number sense) pada bilangan cacah sampai 100; membaca, menulis, menentukan nilai tempat, membandingkan, mengurutkan, serta melakukan komposisi (menyusun) dan dekomposisi (mengurai) bilangan; melakukan operasi penjumlahan dan pengurangan menggunakan benda-benda konkret yang banyaknya sampai 20; dan menunjukkan pemahaman pecahan sebagai bagian dari keseluruhan melalui konteks membagi sebuah benda atau kumpulan benda sama banyak (pecahan yang diperkenalkan adalah setengah dan seperempat). Aljabar: Menunjukan pemahaman makna simbol matematika ""="" dalam suatu kalimat matematika yang terkait dengan penjumlahan dan pengurangan bilangan cacah sampai 20 menggunakan gambar. Contoh: Murid dapat mengenali, meniru, dan melanjutkan pola bukan bilangan (misalnya, gambar, warna, bunyi/suara). Pengukuran: Membandingkan panjang dan berat benda secara langsung, dan membandingkan durasi waktu; mengukur dan mengestimasi panjang dan berat benda menggunakan satuan tidak baku. Geometri: Mengenal berbagai bangun datar (segitiga, segiempat, segi banyak, lingkaran) dan bangun ruang (balok, kubus, kerucut, dan bola); melakukan komposisi (penyusunan) dan dekomposisi (penguraian) suatu bangun datar (segitiga, segiempat, dan segi banyak); dan menentukan posisi benda terhadap benda lain (kanan, kiri, depan belakang, bawah, atas). Analisis Data dan Peluang: Mengurutkan, menyortir, mengelompokkan, membandingkan, dan menyajikan data dari banyak benda dengan menggunakan turus dan piktogram paling banyak 4 kategori.",046/H/KR/2025,111
CP-MAT-B,MAT,B,,,"Pada akhir Fase B, murid memiliki kemampuan sebagai Bilangan: Memiliki pemahaman dan intuisi bilangan (number sense) pada bilangan cacah sampai 10.000; membaca, menulis, membandingkan, dan mengurutkan bilangan; menentukan dan menggunakan nilai tempat; melakukan komposisi dan dekomposisi bilangan cacah sampai 10.000. Murid dapat melakukan dan menyelesaikan masalah operasi bilangan penjumlahan dan pengurangan bilangan cacah sampai 1.000; melakukan dan menyelesaikan masalah operasi perkalian dan pembagian bilangan cacah sampai 100 dengan bantuan benda konkret, gambar dan simbol; mengenal kelipatan dan faktor. Murid dapat melakukan perbandingan dan pengurutan pecahan dengan pembilang satu dan antar pecahan dengan penyebut yang sama; mengenal dan dapat menerapkan pecahan senilai, memiliki intuisi pecahan dan desimal, serta dapat menentukan pecahan sebagai desimal dan persen. Aljabar: Menemukan nilai yang tidak diketahui dalam kalimat matematika yang melibatkan penjumlahan dan pengurangan pada bilangan cacah sampai 100, dengan menggunakan sifat-sifat bilangan dan operasinya. Murid dapat mengidentifikasi, meniru, dan mengembangkan pola gambar atau objek sederhana dan pola bilangan membesar dan mengecil yang dapat melibatkan penjumlahan dan pengurangan pada bilangan cacah sampai 100. Pengukuran: Mengukur panjang dan berat benda menggunakan satuan baku; menentukan hubungan antar-satuan baku panjang (cm, m) dan antar-satuan berat (g, kg); serta mengukur dan mengestimasi luas dan volume menggunakan satuan tidak baku dan satuan baku berupa bilangan cacah. Geometri: Mendeskripsikan ciri berbagai bentuk bangun datar (segiempat, segitiga, segi banyak); menyusun (komposisi) dan mengurai (dekomposisi) berbagai bangun datar dengan lebih dari satu cara jika memungkinkan. Analisis Data dan Peluang: Mengurutkan, membandingkan, menyajikan, menganalisis dan menginterpretasi data dalam bentuk tabel, diagram gambar, piktogram, dan diagram batang (skala satu satuan).",046/H/KR/2025,112
CP-MAT-C,MAT,C,,,"Pada akhir Fase C, murid memiliki kemampuan sebagai Bilangan: Menunjukkan pemahaman dan intuisi bilangan (number sense) pada bilangan cacah sampai 1.000.000; membaca, menulis, menentukan nilai tempat, membandingkan, mengurutkan, melakukan komposisi dan dekomposisi bilangan; menyelesaikan masalah yang berkaitan dengan uang; melakukan operasi penjumlahan, pengurangan, perkalian, dan pembagian bilangan cacah sampai 100.000; serta menyelesaikan masalah yang berkaitan dengan KPK dan FPB. Murid dapat membandingkan dan mengurutkan berbagai pecahan termasuk pecahan campuran, melakukan operasi penjumlahan dan pengurangan pecahan, serta melakukan operasi perkalian dan pembagian pecahan dengan bilangan asli; mengubah pecahan menjadi berbagai bentuk pecahan lain, serta membandingkan dan mengurutkan bilangan desimal (satu angka di belakang koma). Aljabar: Menemukan nilai yang belum diketahui dalam kalimat matematika yang melibatkan penjumlahan, pengurangan, perkalian, dan pembagian pada bilangan cacah sampai 1000 dengan menggunakan sifat-sifat bilangan dan operasinya. Murid dapat mengidentifikasi, meniru, dan mengembangkan pola bilangan membesar dan mengecil yang melibatkan perkalian dan pembagian; bernalar secara proporsional untuk menyelesaikan masalah sehari-hari dengan rasio satuan; menggunakan operasi perkalian dan pembagian dalam menyelesaikan masalah sehari- hari yang terkait dengan proporsi. Pengukuran: Menentukan keliling dan luas berbagai bentuk bangun datar (segitiga, segiempat, dan segi banyak) serta gabungannya; menghitung durasi waktu dan mengukur besar sudut pada bangun datar atau yang dibentuk dari dua garis berpotongan. Geometri: Mengkonstruksi dan mengurai bangun ruang (kubus, balok, dan gabungannya) dan mengenali visualisasi spasial (bagian depan, atas, dan samping); membandingkan karakteristik antar bangun datar dan antar bangun ruang; serta menentukan lokasi pada peta yang menggunakan sistem berpetak. Analisis Data dan Peluang: Mengurutkan, membandingkan, menyajikan, dan menganalisis data banyak benda dan data hasil pengukuran dalam bentuk gambar, piktogram, diagram batang, dan tabel frekuensi untuk mendapatkan informasi; menentukan kejadian dengan kemungkinan yang lebih besar atau lebih kecil dalam suatu percobaan acak.",046/H/KR/2025,114
CP-BING-B,BING,B,,,"Pada akhir fase B, murid memiliki kemampuan sebagai Menyimak - Berbicara (Listening - Speaking): Memahami dan merespon teks lisan atau teks multimodal sederhana tentang kehidupan sehari-hari baik secara verbal atau non-verbal sesuai konteks. (understand and respond to simple oral or multimodal texts about everyday life verbally or non-verbally in line with its context) Membaca - Memirsa (Reading - Viewing): Memahami teks tulis pendek sederhana atau teks multimodal tentang kehidupan sehari-hari dan meresponsnya secara verbal atau non-verbal sesuai konteks. (Understand simple short texts or multimodal texts about everyday life and respond to them verbally or non-verbally in line with its context) Menulis - Mempresentasikan (Writing - Presenting): Mengomunikasikan gagasan tentang topik sehari-hari dalam teks tulis pendek atau teks multimodal sesuai konteks. (Communicate their ideas on everyday life topics in simple written or multimodal texts in line with its context)",046/H/KR/2025,133
CP-BING-C,BING,C,,,"Pada akhir fase C, murid memiliki kemampuan sebagai Menyimak - Berbicara (Listening - Speaking): Memahami alur informasi teks secara keseluruhan dan merespon teks lisan atau teks multimodal sederhana tentang topik sehari-hari secara lisan dengan kalimat pendek dan sederhana sesuai konteks. (Understand the entire flow of information and respond to simple oral or multimodal texts about everyday topics using short and simple sentences verbally in line with its context) Membaca - Memirsa (Reading - Viewing): Memahami alur informasi secara keseluruhan, gagasan utama dan informasi rinci dari beragam teks pendek atau teks multimodal tentang topik sehari-hari dan meresponnya sesuai konteks. (Understand the entire flow of information, main ideas and details from a variety of short texts or multimodal texts about everyday topics and respond in line with its context) Menulis - Mempresentasikan (Writing - Presenting): Mengomunikasikan ide dan pengalamannya melalui berbagai jenis teks tulis sederhana atau teks multimodal tentang topik sehari-hari sesuai konteks. (Communicate their ideas and experiences through various types of simple written texts or multimodal texts about everyday topics in line with its context)",046/H/KR/2025,134
CP-IPAS-B,IPAS,B,,,"Pada akhir Fase B, murid memiliki kemampuan sebagai Pemahaman IPAS: Menjelaskan bentuk dan fungsi pancaindra; menganalisis siklus hidup makhluk hidup dan upaya pelestariannya; menghasilkan solusi untuk masalah yang berkaitan dengan pelestarian sumber daya alam sebagai upaya mitigasi perubahan iklim; menyimpulkan proses perubahan wujud zat; menjelaskan sumber dan bentuk energi, serta proses perubahan bentuk energi dalam kehidupan sehari-hari; membedakan jenis gaya dan pengaruhnya terhadap arah, gerak, dan bentuk benda; menjelaskan peran, tugas, dan tanggung jawab serta interaksi sosial yang terjadi di sekitar tempat tinggal dan sekolah; mengenali letak kabupaten/kota dan provinsi tempat tinggalnya dengan menggunakan peta konvensional/digital; mengklasifikasikan ragam bentang alam dan keterkaitannya dengan profesi masyarakat, ragam budaya serta upaya untuk melestarikannya; menganalisis sejarah masyarakat di lingkungan tempat tinggal; menjelaskan nilai mata uang dan fungsinya, serta cara mengelola keuangan secara bijak. Keterampilan Proses: Mampu menerapkan keterampilan proses yang meliputi: ● Mengamati Murid mengamati fenomena dan peristiwa secara sederhana dan dapat mencatat hasil pengamatannya. ● Mempertanyakan dan Memprediksi Secara mandiri, murid mengajukan pertanyaan tentang hal-hal yang ingin diketahui saat melakukan pengamatan dan membuat prediksi berdasarkan pengetahuan yang dimiliki sebelumnya. ● Merencanakan dan Melakukan Penyelidikan Dengan panduan pendidik, murid membuat rencana dan melakukan langkah-langkah operasional untuk menjawab pertanyaan yang diajukan. Murid melakukan observasi menggunakan alat bantu pengukuran sederhana. ● Memproses, Menganalisis Data dan Informasi Dengan panduan pendidik, murid mengorganisasikan data dalam bentuk turus dan diagram gambar untuk menyajikan dan mengidentifikasi pola. Murid membandingkan antara hasil pengamatan dengan prediksi dan memberikan penjelasan. ● Mengevaluasi dan Refleksi Murid melakukan refleksi terhadap penyelidikan yang sudah dilakukan. ● Mengomunikasikan Hasil Murid mengomunikasikan hasil penyelidikan secara lisan dan tertulis dalam berbagai media.",046/H/KR/2025,149
CP-IPAS-C,IPAS,C,,,"Pada akhir Fase C, murid memiliki kemampuan sebagai Pemahaman IPAS: Merefleksikan sistem organ tubuh manusia yang dikaitkan dengan cara menjaga kesehatan tubuhnya; menganalisis hubungan antar komponen biotik dan abiotik, serta pengaruhnya terhadap ekosistem; menjelaskan fenomena gelombang bunyi dan cahaya dalam kehidupan sehari-hari; menghasilkan upaya penghematan energi, serta pemanfaatan sumber energi alternatif dari sumber daya yang ada di sekitarnya sebagai upaya mitigasi perubahan iklim; menjelaskan sistem tata surya, serta kaitannya dengan rotasi dan revolusi bumi; menjelaskan letak dan kondisi geografis negara Indonesia dengan menggunakan peta konvensional/digital; meninjau sejarah perjuangan para pahlawan di lingkungan sekitar tempat tinggalnya; menemukan keragaman budaya nasional dalam konteks kebhinekaan berdasarkan pemahaman terhadap nilai-nilai kearifan lokal yang berlaku di wilayah tempat tinggal; serta menerapkan kegiatan ekonomi masyarakat di lingkungan sekitar. Keterampilan Proses: Mampu menerapkan keterampilan proses yang meliputi: ● Mengamati Murid mengamati fenomena dan peristiwa secara sederhana, mencatat hasil pengamatannya, serta mencari persamaan dan perbedaannya. ● Mempertanyakan dan Memprediksi Dengan panduan pendidik, murid mengidentifikasi pertanyaan yang dapat diselidiki secara ilmiah dan membuat prediksinya. ● Merencanakan dan Melakukan Penyelidikan Secara mandiri, murid merencanakan dan melakukan langkah-langkah operasional untuk menjawab pertanyaan yang diajukan. Murid melakukan observasi menggunakan alat bantu pengukuran sederhana. ● Memproses serta Menganalisis Data dan Informasi Murid mengolah data dalam bentuk tabel dan grafik, serta menjelaskan hasil pengamatan dan pola atau hubungan pada data. Murid membandingkan data dengan prediksi dan memberikan alasan berdasarkan bukti. ● Mengevaluasi dan Refleksi Melakukan refleksi dan memberikan saran perbaikan terhadap penyelidikan yang sudah dilakukan. ● Mengomunikasikan Hasil Murid mengomunikasikan hasil penyelidikan secara utuh yang ditunjang dengan argumen dalam berbagai media. VII.",046/H/KR/2025,151
CP-SMUS-A,SMUS,A,SMUS,,"Pada akhir Fase A, murid memiliki kemampuan sebagai Mengalami (Experiencing): Mengenali unsur-unsur musik (nada dan irama) menggunakan anggota tubuh maupun alat musik. Merefleksikan (Reflecting): Melakukan umpan balik mengenai praktik bermain musik diri sendiri atau orang lain menggunakan bahasa sehari-hari. Berpikir dan Bekerja Artistik (Thinking and Working Artistically): Menirukan pola irama dan nada menggunakan alat musik ritmis atau melodis; mengenali ragam alat musik dan bunyi yang dihasilkan; mengenali cara memainkan dan membersihkan instrumen/alat musik. Menciptakan (Creating): Membuat pola irama menggunakan anggota tubuh atau alat musik ritmis yang tersedia di lingkungan sekitar. Berdampak (Impacting): Menunjukkan ekspresi senang dalam kegiatan bermusik.",046/H/KR/2025,238
CP-SMUS-B,SMUS,B,SMUS,,"Pada akhir Fase B, murid memiliki kemampuan sebagai Mengalami (Experiencing): Mengenali nada dan pola irama menggunakan anggota tubuh maupun alat musik. Merefleksikan (Reflecting): Melakukan umpan balik mengenai praktik bermusik diri sendiri atau orang lain menggunakan istilah musik. Berpikir dan Bekerja Artistik (Thinking and Working Artistically): Menirukan pola irama dan melodi menggunakan alat musik ritmis atau melodis; menyebutkan karakteristik ragam alat musik dan bunyi yang dihasilkan; mengetahui cara memainkan dan merawat alat musik. Menciptakan (Creating): Membuat bunyi menggunakan anggota tubuh atau alat musik ritmis dan melodis yang tersedia di lingkungan sekitar. Berdampak (Impacting): Menunjukkan minat dalam kegiatan bermusik.",046/H/KR/2025,239
CP-SMUS-C,SMUS,C,SMUS,,"Pada akhir Fase C, murid memiliki kemampuan sebagai Mengalami (Experiencing): Mengenali dan menerapkan unsur-unsur musik (nada, irama dan melodi) menggunakan alat musik ritmis dan melodis serta menunjukkan tingkat kepekaan akan unsur-unsur musik dengan menggunakan alat musik ritmis dan melodis. Merefleksikan (Reflecting): Melakukan umpan balik mengenai karya dan kemampuan bermusik diri sendiri atau orang lain menggunakan istilah musik yang tepat. Berpikir dan Bekerja Artistik (Thinking and Working Artistically): Mengeksplorasi variasi pola irama, tempo dan melodi dengan alat musik ritmis dan melodis menggunakan notasi musik dan teknik dasar yang telah dipelajari; menemukan alternatif untuk menghasilkan bunyi musik sederhana melalui eksplorasi material yang tersedia di lingkungan sekitar dan menerapkan cara memainkan dan merawat alat musik dengan teknik yang tepat sesuai dengan spesifikasi bahan alat musik. Menciptakan (Creating): Membuat dan mengembangkan pola irama menggunakan anggota tubuh atau alat musik ritmis yang tersedia berdasarkan nilai kearifan lokal daerahnya. Berdampak (Impacting): Menunjukkan minat dan rasa ingin tahu dalam kegiatan bermusik.",046/H/KR/2025,240
CP-RUPA-A,RUPA,A,RUPA,,"Pada akhir Fase A, murid memiliki kemampuan sebagai Mengalami (Experiencing): Mengenali dan menyebutkan unsur-unsur rupa dalam benda-benda di sekitar/karya seni rupa. Merefleksikan (Reflecting): Merefleksikan dan mengapresiasi karya diri sendiri. Berpikir dan Bekerja Artistik (Thinking and Working Artistically): Mengenali dan menguji coba alat dan/atau bahan yang dimiliki. Menciptakan (Creating): Membuat karya seni rupa berdasarkan pengalaman dan hasil pengamatan terhadap lingkungan sekitar. Berdampak (Impacting): Menghasilkan karya seni rupa yang berdampak pada perasaan dirinya.",046/H/KR/2025,246
CP-RUPA-B,RUPA,B,RUPA,,"Pada akhir Fase B, murid memiliki kemampuan sebagai Mengalami (Experiencing): Mengidentifikasi unsur rupa dan prinsip desain dalam benda-benda di sekitar/karya seni rupa. Merefleksikan (Reflecting): Merefleksikan dan mengapresiasi karya diri sendiri dan teman sekelas menggunakan kosa kata seni rupa yang sesuai. Berpikir dan Bekerja Artistik (Thinking and Working Artistically): Mengenali dan menguji coba alat dan/atau bahan yang dimiliki serta prosedur penggunaannya. Menciptakan (Creating): Membuat karya seni rupa berdasarkan pengalaman dan hasil pengamatan terhadap lingkungan sekitar. Berdampak (Impacting): Menghasilkan karya seni rupa yang berdampak pada perasaan atau mewakili harapannya.",046/H/KR/2025,247
CP-RUPA-C,RUPA,C,RUPA,,"Pada akhir Fase C, murid memiliki kemampuan sebagai Mengalami (Experiencing): Menjelaskan unsur rupa dan prinsip desain dalam benda-benda di sekitar/karya seni rupa. Merefleksikan (Reflecting): Merefleksikan dan mengapresiasi karya diri sendiri dan teman sekelas menggunakan kosa kata seni rupa yang sesuai. Berpikir dan Bekerja Artistik (Thinking and Working Artistically): Mengenali dan menguji coba variasi teknik penggunaan alat dan/atau bahan. Menciptakan (Creating): Membuat karya seni rupa berdasarkan pengalaman dan/atau hasil pengamatan terhadap lingkungan sekitar melalui pengembangan imajinasi. Berdampak (Impacting): Menghasilkan karya seni rupa yang mewakili minatnya.",046/H/KR/2025,247
CP-TARI-A,TARI,A,TARI,,"Pada akhir Fase A, murid memiliki kemampuan sebagai Mengalami (Experiencing): Mengenal bentuk tari sebagai media komunikasi serta mengembangkan kesadaran diri dalam bereksplorasi unsur utama tari meliputi gerak, ruang, tenaga, waktu, gerak di tempat dan gerak berpindah. Merefleksikan (Reflecting): Mengidentifikasi unsur utama tari meliputi gerak, ruang, tenaga, waktu, gerak di tempat dan gerak berpindah, serta mengemukakan pencapaian diri secara lisan, tulisan, dan kinestetik. Berpikir dan Bekerja Artistik (Thinking and Working Artistically): Meragakan hasil gerak berdasarkan etika sebagai penampil dan penonton dengan keyakinan dan percaya diri saat mengekspresikan ide, perasaan kepada penonton atau lingkungan sekitar. Menciptakan (Creating): Mengembangkan unsur utama tari (gerak, ruang, waktu, dan tenaga), gerak di tempat, dan gerak berpindah untuk membuat gerak sederhana yang memiliki kesatuan gerak yang indah. Berdampak (Impacting): Menerima proses pembelajaran sehingga tumbuh rasa ingin tahu dan dapat menunjukkan antusiasme yang berdampak pada kemampuan diri dalam menyelesaikan aktivitas pembelajaran tari.",046/H/KR/2025,256
CP-TARI-B,TARI,B,TARI,,"Pada akhir Fase B, murid memiliki kemampuan sebagai Mengalami (Experiencing): Mengamati bentuk penyajian tari berdasarkan latar belakang serta mengeksplorasi unsur utama tari sesuai level gerak, dan perubahan arah hadap. Merefleksikan (Reflecting): Mengidentifikasi unsur utama tari sesuai level gerak, dan perubahan arah hadap, serta menilai pencapaian diri saat melakukan aktivitas pembelajaran tari. Berpikir dan Bekerja Artistik (Thinking and Working Artistically): Meragakan hasil tari dengan bekerja secara kooperatif untuk mengembangkan kemampuan bekerja sama dan saling menghargai demi tercapainya tujuan bersama. Menciptakan (Creating): Mengembangkan gerak dengan unsur utama tari, level, dan perubahan arah hadap. Berdampak (Impacting): Menerima proses pembelajaran sehingga tumbuh rasa ingin tahu dan dapat menunjukkan usaha yang berdampak pada kemampuan diri dalam menyelesaikan aktivitas pembelajaran tari.",046/H/KR/2025,257
CP-TARI-C,TARI,C,TARI,,"Pada akhir Fase C, murid memiliki kemampuan sebagai Mengalami (Experiencing): Mengamati berbagai bentuk tari tradisi yang dapat digunakan untuk mengekspresikan diri melalui unsur pendukung tari. Merefleksikan (Reflecting): Mengidentifikasi unsur pendukung tari dalam tari tradisi serta menghargai hasil pencapaian diri dengan mempertimbangkan pendapat orang lain. Berpikir dan Bekerja Artistik (Thinking and Working Artistically): Meragakan hasil rangkaian gerak tari menggunakan unsur pendukung tari dengan menunjukan kerja sama dan berperan aktif dalam kelompok. Menciptakan (Creating): Merangkai gerak tari yang berpijak pada tradisi/ kreasi dengan menerapkan desain kelompok. Berdampak (Impacting): Menanggapi kejadian-kejadian di lingkungan sekitar melalui tari yang disajikan kepada penonton atau masyarakat sekitar.",046/H/KR/2025,257
CP-TEATER-A,TEATER,A,TEATER,,"Pada akhir fase A, murid memiliki kemampuan sebagai Mengalami (Experiencing): Mengamati, merespons, meniru gerak tubuh dan suara sebagai media untuk mengomunikasikan emosi. Merefleksikan (Reflecting): Mengenali pengalaman dan emosi selama proses berseni teater serta menceritakan sebuah karya dengan kosakata sehari-hari. Berpikir dan Bekerja Artistik (Thinking and Working Artistically): Mengenal jenis-jenis properti/alat bantu yang dapat mendukung cerita/permainan peran. Menciptakan (Creating): Mengeksplorasi beragam peran mengenai tokoh di sekitar atau rekaan, dan memainkan sebuah lakon pertunjukan. Berdampak (Impacting): Memainkan gerak dan lagu sesuai arahan dari pendidik.",046/H/KR/2025,264
CP-TEATER-B,TEATER,B,TEATER,,"Pada akhir fase B, murid memiliki kemampuan sebagai Mengalami (Experiencing): Mengenal teknik dasar akting (pemeranan) melalui proses meniru (mimesis), mengenal gerak tubuh, suara/vokal sesuai tokoh/peran atau perilaku objek sekitar. Merefleksikan (Reflecting): Mengenali lingkungan sekitarnya dan pengalaman dalam bermain teater. Berpikir dan Bekerja Artistik (Thinking and Working Artistically): Menggunakan properti yang sesuai dengan tokoh yang diperankan. Menciptakan (Creating): Mengamati berbagai peran, mengenal tokoh di sekitar, dan memainkan sebuah lakon dalam cerita. Berdampak (Impacting): Mengenal bentuk lakon dalam bermain teater.",046/H/KR/2025,264
CP-TEATER-C,TEATER,C,TEATER,,"Pada akhir fase C, murid memiliki kemampuan sebagai Mengalami (Experiencing): Melakukan permainan peran berkelompok, seperti improvisasi untuk melatih aksi dan reaksi dalam mengelaborasi cerita atau tokoh dan melakukan pengenalan karakter melalui pengamatan kebiasaan tokoh yang diperankan. Merefleksikan (Reflecting): Menceritakan pendapatnya tentang sebuah cerita sederhana (penokohan, perwatakan). Berpikir dan Bekerja Artistik (Thinking and Working Artistically): Mengidentifikasi properti sederhana berdasarkan cerita yang akan dimainkan. Menciptakan (Creating): Mengenal dan memainkan ragam peran dari cerita sederhana berdasarkan hasil pengamatan. Berdampak (Impacting): Memerankan lakon secara individu maupun berkelompok berdasarkan minat, pengamatan, dan pengalaman.",046/H/KR/2025,265
CP-PJOK-A,PJOK,A,,,"Pada akhir Fase A, murid memiliki kemampuan sebagai Terampil Bergerak: Mempraktikkan keterampilan gerak fundamental dan menerapkannya dalam berbagai situasi gerak yang berbeda; mengeksplorasi berbagai strategi gerak; dan mengeksplorasi berbagai konsep gerak serta menyimpulkan efektivitasnya. Belajar Melalui Gerak: Menaati peraturan untuk menumbuhkan fair play di dalam berbagai aktivitas jasmani; menerapkan strategi kolaborasi ketika berpartisipasi dalam aktivitas jasmani. Bergaya Hidup Aktif: Berpartisipasi di dalam berbagai aktivitas jasmani dan mengidentifikasi manfaatnya. Memilih Hidup yang Menyehatkan: Mengenali gaya hidup aktif dan sehat; mengenali manfaat komponen makanan bergizi seimbang; serta mengenali situasi dan potensi yang berisiko terhadap kesehatan dan keselamatan serta strategi mencari bantuan kepada orang dewasa terpercaya.",046/H/KR/2025,310
CP-PJOK-B,PJOK,B,,,"Pada akhir Fase B, murid memiliki kemampuan sebagai Terampil Bergerak: Menghaluskan keterampilan gerak fundamental dan menerapkannya dalam situasi gerak yang baru; menyesuaikan strategi gerak untuk mendapatkan capaian keterampilan gerak; dan memperagakan berbagai konsep gerak yang dapat diterapkan dalam rangkaian gerak. Belajar Melalui Gerak: Menerapkan strategi gerak sederhana dan memecahkan masalah gerak; menerapkan peraturan untuk menumbuhkan fair play di dalam berbagai aktivitas jasmani; dan berpartisipasi secara positif dalam kelompok atau tim di dalam berbagai aktivitas jasmani. Bergaya Hidup Aktif: Berpartisipasi dalam berbagai aktivitas jasmani dan mengenali faktor-faktor yang menyebabkan aktivitas jasmani menyenangkan. Memilih Hidup yang Menyehatkan: Mengenali risiko kesehatan akibat gaya hidup dan berbagai aktivitas jasmani untuk pencegahannya; mengidentifikasi pola makan sehat dan bergizi seimbang sesuai rekomendasi kesehatan untuk menunjang aktivitas sehari-hari; dan mempraktikkan penanganan cedera ringan sesuai pemahaman tentang prinsip pertolongan pertama.",046/H/KR/2025,311
CP-PJOK-C,PJOK,C,,,"Pada akhir Fase C, murid memiliki kemampuan sebagai Terampil Bergerak: Menyesuaikan keterampilan gerak melintasi berbagai situasi gerak; mentransfer strategi gerak yang sudah dikuasai ke dalam berbagai situasi gerak yang berbeda; dan menginvestigasi berbagai konsep gerak yang dapat diterapkan untuk meningkatkan capaian keterampilan gerak Belajar Melalui Gerak: Menguji efektivitas penerapan strategi gerak dalam berbagai situasi gerak; merancang peraturan alternatif dan modifikasi permainan untuk mendukung fair play dan partisipasi inklusif; dan menjalankan berbagai peran untuk mencapai keberhasilan kelompok atau tim di dalam berbagai aktivitas jasmani. Bergaya Hidup Aktif: Berpartisipasi dalam aktivitas jasmani dan menjelaskan pengaruh aktivitas jasmani yang teratur terhadap kesehatan; mengidentifikasi rekomendasi aktivitas jasmani serta pencegahan perilaku sedenter. Memilih Hidup yang Menyehatkan: Mengidentifikasi dan menghubungkan antara gaya hidup, risiko kesehatan, dan aktivitas pencegahannya sesuai rekomendasi otoritas kesehatan; menjelaskan pola makan sehat untuk menunjang aktivitas jasmani berdasarkan informasi kandungan gizi pada makanan; dan mempraktikkan penanganan cedera sedang sesuai pemahaman tentang prinsip pertolongan pertama.",046/H/KR/2025,312
CP-KKA-C,KKA,C,,,"Pada akhir Fase C, murid memiliki kemampuan sebagai Berpikir Komputasional: Memahami permasalahan sederhana dalam kehidupan sehari-hari, menerapkan pemecahan masalah secara sistematis, serta menuliskan instruksi logis dan terstruktur menggunakan sekumpulan kosakata atau simbol. Literasi Digital: Memahami konsep dasar, manfaat, dan dampak teknologi digital, memahami sistem komputer tingkat pradasar, menerapkan pengamanan informasi pribadi dalam komunikasi daring, memanfaatkan internet, dan memproduksi serta mendiseminasi konten digital dalam bentuk teks dan gambar. Literasi dan Etika Kecerdasan Artifisial: Memahami konsep KA sederhana, manfaat dan dampak KA pada kehidupan sehari-hari, prinsip bahwa KA dikembangkan untuk meningkatkan kesejahteraan manusia dan tidak boleh merugikan manusia, mengetahui perbedaan manusia dan komputer dalam melakukan penginderaan, dan mengetahui perbedaan antara mesin cerdas dan mesin non-cerdas. Memahami etika dasar penggunaan KA seperti empati dan tidak menyakiti orang lain. Pemanfaatan dan Pengembangan Kecerdasan Artifisial: Menyimulasikan secara sederhana kerja KA saat mengenali pola, mengklasifikasi benda konkret berdasarkan sifatnya, dan mengetahui bagaimana prediksi sistem KA dipengaruhi input benda konkret.",046/H/KR/2025,342
